{"schemaVersion":"1.0","appDefinitionTemplate":{"id":"/providers/Microsoft.PowerApps/apps/","type":"Microsoft.PowerApps/apps","tags":{"primaryDeviceWidth":"640","primaryDeviceHeight":"1136","sienaVersion":"20201104T200949Z-3.20104.33.0","deviceCapabilities":"","supportsPortrait":"true","supportsLandscape":"false","primaryFormFactor":"Phone","publisherVersion":"3.20104.33","minimumRequiredApiVersion":"2.2.0","hasComponent":"false","hasUnlockedComponent":"false","isUnifiedRootApp":"false"},"properties":{"appVersion":"2020-11-04T20:09:49Z","lifeCycleId":"Published","createdByClientVersion":{"major":3,"minor":20104,"build":33,"revision":0,"majorRevision":0,"minorRevision":0},"minClientVersion":{"major":3,"minor":20104,"build":33,"revision":0,"majorRevision":0,"minorRevision":0},"backgroundColor":"rgba(0, 176, 240, 1)","backgroundImageUri":"/11332904390695934543/Nf0fe4abd-a466-4687-9a9f-9f4dc01c9f63-logoSmallFile","displayName":"File Storage System","description":"","commitMessage":"","appUris":{"documentUri":{"value":"/11332904390695934543/N241e4700-0d38-42e3-876b-65b479935a7c-document.msapp","readonlyValue":"/11332904390695934543/N241e4700-0d38-42e3-876b-65b479935a7c-document.msapp"},"imageUris":[]},"createdTime":"0001-01-01T00:00:00Z","lastModifiedTime":"0001-01-01T00:00:00Z","sharedGroupsCount":0,"sharedUsersCount":0,"icons":{"smallIconUri":"/11332904390695934543/Nfe9d4831-28f1-49b6-9f9d-5ab8f5b31d7e-small.png","mediumIconUri":"/11332904390695934543/Nabcd5c42-2135-4ae5-9458-bdd17fb294ac-medium.png","largeIconUri":"/11332904390695934543/Ncf16909a-c815-42b9-9fea-5e2acb8b741c-large.png","wideIconUri":"/11332904390695934543/N42b6b8a1-2e81-4dc4-8689-ec7d4b59f7b8-wide.png"},"connectionReferences":{"2c1e141e-60eb-4302-8cd3-81f1a40e5c3e":{"id":"82636790-9ee2-4303-9b57-24a4871dde7d","displayName":"SharePoint","iconUri":"https://connectoricons-prod.azureedge.net/releases/v1.0.1402/1.0.1402.2163/sharepointonline/icon.png","dataSources":["Credential List","Attachement List"],"dependencies":[],"dependents":[],"parameterHints":{},"isOnPremiseConnection":false,"bypassConsent":false,"dataSets":{"https://iitbacin.sharepoint.com/sites/Testing_abhishek":{"dataSources":{"Credential List":{"tableName":"de2a4a47-f723-4111-a1fd-5c2d56e60aa9"},"Attachement List":{"tableName":"6f302c40-f27f-4edd-9e73-329050f6ed38"}}}},"apiTier":"Standard","isCustomApiConnection":false},"778751dc-9bc8-4a3c-b21b-fe9900366e80":{"id":"eb7bccfe-bd31-4836-a59e-419a39a43b76","displayName":"Logic flows","iconUri":"https://resourcestackdeploy.blob.core.windows.net/scripts/13276078.png","dataSources":["Test"],"dependencies":["eeca50f7-ec13-4bbe-8249-483a758c5b6b"],"dependents":[],"parameterHints":{"workflowName":{"value":"cd34bbf4-0684-43c4-88c2-07f24e4b3c38"},"eeca50f7-ec13-4bbe-8249-483a758c5b6b":{"value":"shared_gmail"}},"isOnPremiseConnection":false,"bypassConsent":false,"dataSets":{},"apiTier":"Standard","isCustomApiConnection":false,"actions":["Run"]},"eeca50f7-ec13-4bbe-8249-483a758c5b6b":{"id":"19922b85-039a-4785-886a-4d42a4433d64","displayName":"Gmail","iconUri":"https://connectoricons-prod.azureedge.net/releases/v1.0.1404/1.0.1404.2172/gmail/icon.png","dataSources":[],"dependencies":[],"dependents":["778751dc-9bc8-4a3c-b21b-fe9900366e80"],"parameterHints":{},"isOnPremiseConnection":false,"bypassConsent":false,"dataSets":{},"apiTier":"Standard","isCustomApiConnection":false,"authenticationType":"shared-application"}},"databaseReferences":{},"almMode":"Environment","performanceOptimizationEnabled":true,"canConsumeAppPass":true,"executionRestrictions":{"isTeamsOnly":false,"dataLossPreventionEvaluationResult":{"status":"Compliant","lastEvaluationDate":"2020-11-04T19:38:52.1564814Z","violationDetails":[]}}},"isAppComponentLibrary":false,"appType":"ClassicCanvasApp","appComponents":[]}}