{"schemaVersion":"1.0","appDefinitionTemplate":{"id":"/providers/Microsoft.PowerApps/apps/","type":"Microsoft.PowerApps/apps","tags":{"primaryDeviceWidth":"640","primaryDeviceHeight":"1136","sienaVersion":"20201106T025711Z-3.20104.33.0","deviceCapabilities":"","supportsPortrait":"true","supportsLandscape":"false","primaryFormFactor":"Phone","publisherVersion":"3.20104.33","minimumRequiredApiVersion":"2.2.0","hasComponent":"false","hasUnlockedComponent":"false","isUnifiedRootApp":"false"},"properties":{"appVersion":"2020-11-06T02:57:11Z","lifeCycleId":"Published","createdByClientVersion":{"major":3,"minor":20104,"build":33,"revision":0,"majorRevision":0,"minorRevision":0},"minClientVersion":{"major":3,"minor":20104,"build":33,"revision":0,"majorRevision":0,"minorRevision":0},"backgroundColor":"rgba(0, 176, 240, 1)","backgroundImageUri":"/10225559517122199624/Nb38d2e28-6e32-4976-9940-f9a2bda1fef1-logoSmallFile","displayName":"Leave Request","description":"Submit a vacation request for manager approval. Select date ranges, add notes and manage your time off.","commitMessage":"","appUris":{"documentUri":{"value":"/10225559517122199624/N255c1f5c-86f7-4902-882a-b48f9b8bc1e6-document.msapp","readonlyValue":"/10225559517122199624/N255c1f5c-86f7-4902-882a-b48f9b8bc1e6-document.msapp"},"imageUris":[]},"createdTime":"0001-01-01T00:00:00Z","lastModifiedTime":"0001-01-01T00:00:00Z","sharedGroupsCount":0,"sharedUsersCount":0,"icons":{"smallIconUri":"/10225559517122199624/Ne16cc4d7-980c-440a-bdc2-be66cdcdf828-small.png","mediumIconUri":"/10225559517122199624/N11605118-03df-41ab-829b-58390545d355-medium.png","largeIconUri":"/10225559517122199624/Nfea38f29-14f7-4807-8199-699172ad11e4-large.png","wideIconUri":"/10225559517122199624/N47c01012-00cd-4135-b5c0-ea0e0770f595-wide.png"},"connectionReferences":{"17101b40-8239-4746-948a-7606991ebf41":{"id":"88702c59-9af2-4e61-bb70-d4480e555fa2","displayName":"Office 365 Users","iconUri":"https://connectoricons-prod.azureedge.net/releases/v1.0.1402/1.0.1402.2163/office365users/icon.png","dataSources":["Office365Users"],"dependencies":[],"dependents":[],"parameterHints":{},"isOnPremiseConnection":false,"dataSets":{},"apiTier":"Standard","isCustomApiConnection":false,"actions":["MyProfile","Manager","UserPhotoMetadata","UserPhoto","UserProfile","SearchUser"]},"1d553ec9-056c-430a-bac8-8e067a25598c":{"id":"bcc1aa26-dc68-4411-9d77-f98e3f5cfb1b","displayName":"Office 365 Outlook","iconUri":"https://connectoricons-prod.azureedge.net/releases/v1.0.1408/1.0.1408.2187/office365/icon.png","dataSources":["Office365Outlook"],"dependencies":[],"dependents":[],"parameterHints":{},"isOnPremiseConnection":false,"dataSets":{},"apiTier":"Standard","isCustomApiConnection":false,"actions":["SendEmailV2"]},"cda0aeb8-9b2d-4404-9ff2-7cf4258c50bb":{"id":"787c2f37-fac8-427d-aefc-b081978d8627","displayName":"Excel","iconUri":"https://connectoricons-prod.azureedge.net/releases/v1.0.1404/1.0.1404.2172/excel/icon.png","dataSources":["Leave","Holidays","Balance"],"dependencies":["603ad13b-8224-4b1e-a279-659fc2539f21"],"dependents":[],"parameterHints":{"603ad13b-8224-4b1e-a279-659fc2539f21":{"value":"fileSource"}},"isOnPremiseConnection":false,"dataSets":{"b!YtjnK1ym8EGJH5L1P98LDlnEv2IWSCtGv09hL8GXOWtLopZpJyf2QqOyAwhHrtd0.01JWCWNLQIQFIEDVLEJVBYSCIB27VMCAWN":{"dataSources":{"Leave":{"tableName":"Leave"},"Holidays":{"tableName":"Holidays"},"Balance":{"tableName":"Balance"}}}},"apiTier":"Standard","isCustomApiConnection":false},"603ad13b-8224-4b1e-a279-659fc2539f21":{"id":"0f88363f-0998-4793-9906-f2bb50a22119","displayName":"OneDrive for Business","iconUri":"https://connectoricons-prod.azureedge.net/releases/v1.0.1407/1.0.1407.2182/onedriveforbusiness/icon.png","dataSources":[],"dependencies":[],"dependents":["cda0aeb8-9b2d-4404-9ff2-7cf4258c50bb"],"parameterHints":{},"isOnPremiseConnection":false,"dataSets":{},"apiTier":"Standard","isCustomApiConnection":false},"1eba8a6f-9fbf-43be-88a8-2a0429ce98ff":{"id":"82636790-9ee2-4303-9b57-24a4871dde7d","displayName":"SharePoint","iconUri":"https://connectoricons-prod.azureedge.net/releases/v1.0.1402/1.0.1402.2163/sharepointonline/icon.png","dataSources":["Credential List"],"dependencies":[],"dependents":[],"parameterHints":{},"isOnPremiseConnection":false,"dataSets":{"https://iitbacin.sharepoint.com/sites/Testing_abhishek":{"dataSources":{"Credential List":{"tableName":"de2a4a47-f723-4111-a1fd-5c2d56e60aa9"}}}},"apiTier":"Standard","isCustomApiConnection":false}},"databaseReferences":{},"almMode":"Environment","performanceOptimizationEnabled":true,"canConsumeAppPass":true,"executionRestrictions":{"isTeamsOnly":false,"dataLossPreventionEvaluationResult":{"status":"Compliant","lastEvaluationDate":"2020-11-06T02:57:21.703589Z","violationDetails":[]}}},"isAppComponentLibrary":false,"appType":"ClassicCanvasApp","appComponents":[]}}